filename,attack
18687262_LG_I1_P19_R_U1_2.JPG,1
18687262_LG_I1_P19_R_U1_3.JPG,1
18687262_LG_I1_P1_R_U1_1.JPG,1
18687262_LG_I1_P1_R_U1_2.JPG,1
18687262_LG_I1_P1_R_U1_3.JPG,1
18687262_LG_I1_P20_L_U1_1.JPG,1
18687262_LG_I1_P20_L_U1_2.JPG,1
18687262_LG_I1_P20_L_U1_3.JPG,1
18687262_LG_I1_P2_L_U1_1.JPG,1
18687262_LG_I1_P2_L_U1_2.JPG,1
18687262_LG_I1_P2_L_U1_3.JPG,1
18687262_LG_I1_P3_R_U1_1.JPG,1
18687262_LG_I1_P3_R_U1_2.JPG,1
18687262_LG_I1_P3_R_U1_3.JPG,1
18687262_LG_I2_P19_R_U1_1.JPG,1
18687262_LG_I2_P19_R_U1_2.JPG,1
18687262_LG_I2_P19_R_U1_3.JPG,1
18687262_LG_I2_P1_R_U1_1.JPG,1
18687262_LG_I2_P1_R_U1_2.JPG,1
18687262_LG_I2_P1_R_U1_3.JPG,1
18687262_LG_I2_P20_L_U1_1.JPG,1
18687262_LG_I2_P20_L_U1_2.JPG,1
18687262_LG_I2_P20_L_U1_3.JPG,1
18687262_LG_I2_P2_L_U1_1.JPG,1
18687262_LG_I2_P2_L_U1_2.JPG,1
18687262_LG_I2_P2_L_U1_3.JPG,1
18687262_LG_I2_P3_R_U1_1.JPG,1
18687262_LG_I2_P3_R_U1_2.JPG,1
18687262_LG_I2_P3_R_U1_3.JPG,1
18687262_LG_I3_P19_R_U1_1.JPG,1
18687262_LG_I3_P19_R_U1_2.JPG,1
18687262_LG_I3_P19_R_U1_3.JPG,1
18687262_LG_I3_P1_R_U1_1.JPG,1
18687262_LG_I3_P1_R_U1_2.JPG,1
18687262_LG_I3_P1_R_U1_3.JPG,1
18687262_LG_I3_P20_L_U1_1.JPG,1
18687262_LG_I3_P20_L_U1_2.JPG,1
18687262_LG_I3_P20_L_U1_3.JPG,1
18687262_LG_I3_P2_L_U1_1.JPG,1
18687262_LG_I3_P2_L_U1_2.JPG,1
18687262_LG_I3_P2_L_U1_3.JPG,1
18687262_LG_I3_P3_R_U1_1.JPG,1
18687262_LG_I3_P3_R_U1_2.JPG,1
18687262_LG_I3_P3_R_U1_3.JPG,1
18687262_LG_I4_P19_R_U1_1.JPG,1
18687262_LG_I4_P19_R_U1_2.JPG,1
18687262_LG_I4_P19_R_U1_3.JPG,1
18687262_LG_I4_P1_R_U1_1.JPG,1
18687262_LG_I4_P1_R_U1_2.JPG,1
18687262_LG_I4_P1_R_U1_3.JPG,1
18687262_LG_I4_P20_L_U1_1.JPG,1
18687262_LG_I4_P20_L_U1_2.JPG,1
18687262_LG_I4_P20_L_U1_3.JPG,1
18687262_LG_I4_P2_L_U1_1.JPG,1
18687262_LG_I4_P2_L_U1_2.JPG,1
18687262_LG_I4_P2_L_U1_3.JPG,1
18687262_LG_I4_P3_R_U1_1.JPG,1
18687262_LG_I4_P3_R_U1_2.JPG,1
18687262_LG_I4_P3_R_U1_3.JPG,1
18687262_LG_I5_P19_R_U1_1.JPG,1
18687262_LG_I5_P19_R_U1_2.JPG,1
18687262_LG_I5_P19_R_U1_3.JPG,1
18687262_LG_I5_P1_R_U1_1.JPG,1
18687262_LG_I5_P1_R_U1_2.JPG,1
18687262_LG_I5_P1_R_U1_3.JPG,1
18687262_LG_I5_P20_L_U1_1.JPG,1
18687262_LG_I5_P20_L_U1_2.JPG,1
18687262_LG_I5_P20_L_U1_3.JPG,1
18687262_LG_I5_P2_L_U1_1.JPG,1
18687262_LG_I5_P2_L_U1_2.JPG,1
18687262_LG_I5_P2_L_U1_3.JPG,1
18687262_LG_I5_P3_R_U1_1.JPG,1
18687262_LG_I5_P3_R_U1_2.JPG,1
18687262_LG_I5_P3_R_U1_3.JPG,1
33333333_LG_I1_P1_L_U1_1.JPG,1
33333333_LG_I1_P1_L_U1_2.JPG,1
33333333_LG_I1_P1_L_U1_3.JPG,1
33333333_LG_I1_P2_R_U1_1.JPG,1
33333333_LG_I1_P2_R_U1_2.JPG,1
33333333_LG_I1_P2_R_U1_3.JPG,1
33333333_LG_I1_P3_L_U1_1.JPG,1
33333333_LG_I1_P3_L_U1_2.JPG,1
33333333_LG_I1_P3_L_U1_3.JPG,1
33333333_LG_I2_P1_L_U1_1.JPG,1
33333333_LG_I2_P1_L_U1_2.JPG,1
33333333_LG_I2_P1_L_U1_3.JPG,1
33333333_LG_I2_P2_R_U1_1.JPG,1
33333333_LG_I2_P2_R_U1_2.JPG,1
33333333_LG_I2_P2_R_U1_3.JPG,1
33333333_LG_I2_P3_L_U1_1.JPG,1
33333333_LG_I2_P3_L_U1_2.JPG,1
33333333_LG_I2_P3_L_U1_3.JPG,1
33333333_LG_I3_P1_L_U1_1.JPG,1
33333333_LG_I3_P1_L_U1_2.JPG,1
33333333_LG_I3_P1_L_U1_3.JPG,1
33333333_LG_I3_P2_R_U1_1.JPG,1
33333333_LG_I3_P2_R_U1_2.JPG,1
33333333_LG_I3_P2_R_U1_3.JPG,1
33333333_LG_I3_P3_L_U1_1.JPG,1
33333333_LG_I3_P3_L_U1_2.JPG,1
33333333_LG_I3_P3_L_U1_3.JPG,1
33333333_LG_I4_P1_L_U1_1.JPG,1
33333333_LG_I4_P1_L_U1_2.JPG,1
33333333_LG_I4_P1_L_U1_3.JPG,1
33333333_LG_I4_P2_R_U1_1.JPG,1
33333333_LG_I4_P2_R_U1_2.JPG,1
33333333_LG_I4_P2_R_U1_3.JPG,1
33333333_LG_I4_P3_L_U1_1.JPG,1
33333333_LG_I4_P3_L_U1_2.JPG,1
33333333_LG_I4_P3_L_U1_3.JPG,1
33333333_LG_I5_P1_L_U1_1.JPG,1
33333333_LG_I5_P1_L_U1_2.JPG,1
33333333_LG_I5_P1_L_U1_3.JPG,1
33333333_LG_I5_P2_R_U1_1.JPG,1
33333333_LG_I5_P2_R_U1_2.JPG,1
33333333_LG_I5_P2_R_U1_3.JPG,1
33333333_LG_I5_P3_L_U1_1.JPG,1
33333333_LG_I5_P3_L_U1_2.JPG,1
33333333_LG_I5_P3_L_U1_3.JPG,1
44558621_LG_I1_P19_L_U1_1.JPG,1
44558621_LG_I1_P19_L_U1_2.JPG,1
44558621_LG_I1_P19_L_U1_3.JPG,1
44558621_LG_I1_P1_L_U1_1.JPG,1
44558621_LG_I1_P1_L_U1_2.JPG,1
44558621_LG_I1_P1_L_U1_3.JPG,1
44558621_LG_I1_P20_R_U1_1.JPG,1
44558621_LG_I1_P20_R_U1_2.JPG,1
44558621_LG_I1_P20_R_U1_3.JPG,1
44558621_LG_I1_P2_R_U1_1.JPG,1
44558621_LG_I1_P2_R_U1_2.JPG,1
44558621_LG_I1_P2_R_U1_3.JPG,1
44558621_LG_I1_P3_L_U1_1.JPG,1
44558621_LG_I1_P3_L_U1_2.JPG,1
44558621_LG_I1_P3_L_U1_3.JPG,1
44558621_LG_I2_P19_L_U1_1.JPG,1
44558621_LG_I2_P19_L_U1_2.JPG,1
44558621_LG_I2_P19_L_U1_3.JPG,1
44558621_LG_I2_P1_L_U1_1.JPG,1
44558621_LG_I2_P1_L_U1_2.JPG,1
44558621_LG_I2_P1_L_U1_3.JPG,1
44558621_LG_I2_P20_R_U1_1.JPG,1
44558621_LG_I2_P20_R_U1_2.JPG,1
44558621_LG_I2_P20_R_U1_3.JPG,1
44558621_LG_I2_P2_R_U1_1.JPG,1
44558621_LG_I2_P2_R_U1_2.JPG,1
44558621_LG_I2_P2_R_U1_3.JPG,1
44558621_LG_I2_P3_L_U1_1.JPG,1
44558621_LG_I2_P3_L_U1_2.JPG,1
44558621_LG_I2_P3_L_U1_3.JPG,1
44558621_LG_I3_P19_L_U1_1.JPG,1
44558621_LG_I3_P19_L_U1_2.JPG,1
44558621_LG_I3_P19_L_U1_3.JPG,1
44558621_LG_I3_P1_L_U1_1.JPG,1
44558621_LG_I3_P1_L_U1_2.JPG,1
44558621_LG_I3_P1_L_U1_3.JPG,1
44558621_LG_I3_P20_R_U1_1.JPG,1
44558621_LG_I3_P20_R_U1_2.JPG,1
44558621_LG_I3_P20_R_U1_3.JPG,1
44558621_LG_I3_P2_R_U1_1.JPG,1
44558621_LG_I3_P2_R_U1_2.JPG,1
44558621_LG_I3_P2_R_U1_3.JPG,1
44558621_LG_I3_P3_L_U1_1.JPG,1
44558621_LG_I3_P3_L_U1_2.JPG,1
44558621_LG_I3_P3_L_U1_3.JPG,1
44558621_LG_I4_P19_L_U1_1.JPG,1
44558621_LG_I4_P19_L_U1_2.JPG,1
44558621_LG_I4_P19_L_U1_3.JPG,1
44558621_LG_I4_P1_L_U1_1.JPG,1
44558621_LG_I4_P1_L_U1_2.JPG,1
44558621_LG_I4_P1_L_U1_3.JPG,1
44558621_LG_I4_P20_R_U1_1.JPG,1
44558621_LG_I4_P20_R_U1_2.JPG,1
44558621_LG_I4_P20_R_U1_3.JPG,1
44558621_LG_I4_P2_R_U1_1.JPG,1
44558621_LG_I4_P2_R_U1_2.JPG,1
44558621_LG_I4_P2_R_U1_3.JPG,1
44558621_LG_I4_P3_L_U1_1.JPG,1
44558621_LG_I4_P3_L_U1_2.JPG,1
44558621_LG_I4_P3_L_U1_3.JPG,1
44558621_LG_I5_P19_L_U1_1.JPG,1
44558621_LG_I5_P19_L_U1_2.JPG,1
44558621_LG_I5_P19_L_U1_3.JPG,1
44558621_LG_I5_P1_L_U1_1.JPG,1
44558621_LG_I5_P1_L_U1_2.JPG,1
44558621_LG_I5_P1_L_U1_3.JPG,1
44558621_LG_I5_P20_R_U1_1.JPG,1
44558621_LG_I5_P20_R_U1_2.JPG,1
44558621_LG_I5_P20_R_U1_3.JPG,1
44558621_LG_I5_P2_R_U1_1.JPG,1
44558621_LG_I5_P2_R_U1_2.JPG,1
44558621_LG_I5_P2_R_U1_3.JPG,1
44558621_LG_I5_P3_L_U1_1.JPG,1
44558621_LG_I5_P3_L_U1_2.JPG,1
44558621_LG_I5_P3_L_U1_3.JPG,1
4617140_LG_I1_P19_L_U1_1.JPG,1
4617140_LG_I1_P19_L_U1_2.JPG,1
4617140_LG_I1_P19_L_U1_3.JPG,1
4617140_LG_I1_P19_R_U1_1.JPG,1
4617140_LG_I1_P19_R_U1_2.JPG,1
4617140_LG_I1_P19_R_U1_3.JPG,1
4617140_LG_I1_P1_L_U1_1.JPG,1
4617140_LG_I1_P1_L_U1_2.JPG,1
4617140_LG_I1_P1_L_U1_3.JPG,1
4617140_LG_I1_P1_R_U1_1.JPG,1
4617140_LG_I1_P1_R_U1_2.JPG,1
4617140_LG_I1_P1_R_U1_3.JPG,1
4617140_LG_I1_P20_L_U1_1.JPG,1
4617140_LG_I1_P20_L_U1_2.JPG,1
4617140_LG_I1_P20_L_U1_3.JPG,1
4617140_LG_I1_P20_R_U1_1.JPG,1
4617140_LG_I1_P20_R_U1_2.JPG,1
4617140_LG_I1_P20_R_U1_3.JPG,1
4617140_LG_I1_P2_L_U1_1.JPG,1
4617140_LG_I1_P2_L_U1_2.JPG,1
4617140_LG_I1_P2_L_U1_3.JPG,1
4617140_LG_I1_P2_R_U1_1.JPG,1
4617140_LG_I1_P2_R_U1_2.JPG,1
4617140_LG_I1_P2_R_U1_3.JPG,1
4617140_LG_I1_P3_L_U1_1.JPG,1
4617140_LG_I1_P3_L_U1_2.JPG,1
4617140_LG_I1_P3_L_U1_3.JPG,1
4617140_LG_I1_P3_R_U1_1.JPG,1
4617140_LG_I1_P3_R_U1_2.JPG,1
4617140_LG_I1_P3_R_U1_3.JPG,1
4617140_LG_I2_P19_L_U1_1.JPG,1
4617140_LG_I2_P19_L_U1_2.JPG,1
4617140_LG_I2_P19_L_U1_3.JPG,1
4617140_LG_I2_P19_R_U1_1.JPG,1
4617140_LG_I2_P19_R_U1_2.JPG,1
4617140_LG_I2_P19_R_U1_3.JPG,1
4617140_LG_I2_P1_L_U1_1.JPG,1
4617140_LG_I2_P1_L_U1_2.JPG,1
4617140_LG_I2_P1_L_U1_3.JPG,1
4617140_LG_I2_P1_R_U1_1.JPG,1
4617140_LG_I2_P1_R_U1_2.JPG,1
4617140_LG_I2_P1_R_U1_3.JPG,1
4617140_LG_I2_P20_L_U1_1.JPG,1
4617140_LG_I2_P20_L_U1_2.JPG,1
4617140_LG_I2_P20_L_U1_3.JPG,1
4617140_LG_I2_P20_R_U1_1.JPG,1
4617140_LG_I2_P20_R_U1_2.JPG,1
4617140_LG_I2_P20_R_U1_3.JPG,1
4617140_LG_I2_P2_L_U1_1.JPG,1
4617140_LG_I2_P2_L_U1_2.JPG,1
4617140_LG_I2_P2_L_U1_3.JPG,1
4617140_LG_I2_P2_R_U1_1.JPG,1
4617140_LG_I2_P2_R_U1_2.JPG,1
4617140_LG_I2_P2_R_U1_3.JPG,1
4617140_LG_I2_P3_L_U1_1.JPG,1
4617140_LG_I2_P3_L_U1_2.JPG,1
4617140_LG_I2_P3_L_U1_3.JPG,1
4617140_LG_I2_P3_R_U1_1.JPG,1
4617140_LG_I2_P3_R_U1_2.JPG,1
4617140_LG_I2_P3_R_U1_3.JPG,1
4617140_LG_I3_P19_L_U1_1.JPG,1
4617140_LG_I3_P19_L_U1_2.JPG,1
4617140_LG_I3_P19_L_U1_3.JPG,1
4617140_LG_I3_P19_R_U1_1.JPG,1
4617140_LG_I3_P19_R_U1_2.JPG,1
4617140_LG_I3_P19_R_U1_3.JPG,1
4617140_LG_I3_P1_L_U1_1.JPG,1
4617140_LG_I3_P1_L_U1_2.JPG,1
4617140_LG_I3_P1_L_U1_3.JPG,1
4617140_LG_I3_P1_R_U1_1.JPG,1
4617140_LG_I3_P1_R_U1_2.JPG,1
4617140_LG_I3_P1_R_U1_3.JPG,1
4617140_LG_I3_P20_L_U1_1.JPG,1
4617140_LG_I3_P20_L_U1_2.JPG,1
4617140_LG_I3_P20_L_U1_3.JPG,1
4617140_LG_I3_P20_R_U1_1.JPG,1
4617140_LG_I3_P20_R_U1_2.JPG,1
4617140_LG_I3_P20_R_U1_3.JPG,1
4617140_LG_I3_P2_L_U1_1.JPG,1
4617140_LG_I3_P2_L_U1_2.JPG,1
4617140_LG_I3_P2_L_U1_3.JPG,1
4617140_LG_I3_P2_R_U1_1.JPG,1
4617140_LG_I3_P2_R_U1_2.JPG,1
4617140_LG_I3_P2_R_U1_3.JPG,1
4617140_LG_I3_P3_L_U1_1.JPG,1
4617140_LG_I3_P3_L_U1_2.JPG,1
4617140_LG_I3_P3_L_U1_3.JPG,1
4617140_LG_I3_P3_R_U1_1.JPG,1
4617140_LG_I3_P3_R_U1_2.JPG,1
4617140_LG_I3_P3_R_U1_3.JPG,1
4617140_LG_I4_P19_L_U1_1.JPG,1
4617140_LG_I4_P19_L_U1_2.JPG,1
4617140_LG_I4_P19_L_U1_3.JPG,1
4617140_LG_I4_P19_R_U1_1.JPG,1
4617140_LG_I4_P19_R_U1_2.JPG,1
4617140_LG_I4_P19_R_U1_3.JPG,1
4617140_LG_I4_P1_L_U1_1.JPG,1
4617140_LG_I4_P1_L_U1_2.JPG,1
4617140_LG_I4_P1_L_U1_3.JPG,1
4617140_LG_I4_P1_R_U1_1.JPG,1
4617140_LG_I4_P1_R_U1_2.JPG,1
4617140_LG_I4_P1_R_U1_3.JPG,1
4617140_LG_I4_P20_L_U1_1.JPG,1
4617140_LG_I4_P20_L_U1_2.JPG,1
4617140_LG_I4_P20_L_U1_3.JPG,1
4617140_LG_I4_P20_R_U1_1.JPG,1
4617140_LG_I4_P20_R_U1_2.JPG,1
4617140_LG_I4_P20_R_U1_3.JPG,1
4617140_LG_I4_P2_L_U1_1.JPG,1
4617140_LG_I4_P2_L_U1_2.JPG,1
4617140_LG_I4_P2_L_U1_3.JPG,1
4617140_LG_I4_P2_R_U1_1.JPG,1
4617140_LG_I4_P2_R_U1_2.JPG,1
4617140_LG_I4_P2_R_U1_3.JPG,1
4617140_LG_I4_P3_L_U1_1.JPG,1
4617140_LG_I4_P3_L_U1_2.JPG,1
4617140_LG_I4_P3_L_U1_3.JPG,1
4617140_LG_I4_P3_R_U1_1.JPG,1
4617140_LG_I4_P3_R_U1_2.JPG,1
4617140_LG_I4_P3_R_U1_3.JPG,1
4617140_LG_I5_P19_L_U1_1.JPG,1
4617140_LG_I5_P19_L_U1_2.JPG,1
4617140_LG_I5_P19_L_U1_3.JPG,1
4617140_LG_I5_P19_R_U1_1.JPG,1
4617140_LG_I5_P19_R_U1_2.JPG,1
4617140_LG_I5_P19_R_U1_3.JPG,1
4617140_LG_I5_P1_L_U1_1.JPG,1
4617140_LG_I5_P1_L_U1_2.JPG,1
4617140_LG_I5_P1_L_U1_3.JPG,1
4617140_LG_I5_P1_R_U1_1.JPG,1
4617140_LG_I5_P1_R_U1_2.JPG,1
4617140_LG_I5_P1_R_U1_3.JPG,1
4617140_LG_I5_P20_L_U1_1.JPG,1
4617140_LG_I5_P20_L_U1_2.JPG,1
4617140_LG_I5_P20_L_U1_3.JPG,1
4617140_LG_I5_P20_R_U1_1.JPG,1
4617140_LG_I5_P20_R_U1_2.JPG,1
4617140_LG_I5_P20_R_U1_3.JPG,1
4617140_LG_I5_P2_L_U1_1.JPG,1
4617140_LG_I5_P2_L_U1_2.JPG,1
4617140_LG_I5_P2_L_U1_3.JPG,1
4617140_LG_I5_P2_R_U1_1.JPG,1
4617140_LG_I5_P2_R_U1_2.JPG,1
4617140_LG_I5_P2_R_U1_3.JPG,1
4617140_LG_I5_P3_L_U1_1.JPG,1
4617140_LG_I5_P3_L_U1_2.JPG,1
4617140_LG_I5_P3_L_U1_3.JPG,1
4617140_LG_I5_P3_R_U1_1.JPG,1
4617140_LG_I5_P3_R_U1_2.JPG,1
4617140_LG_I5_P3_R_U1_3.JPG,1
48976440_LG_I1_P19_L_U1_1.JPG,1
48976440_LG_I1_P19_L_U1_2.JPG,1
48976440_LG_I1_P19_L_U1_3.JPG,1
48976440_LG_I1_P1_L_U1_1.JPG,1
48976440_LG_I1_P1_L_U1_2.JPG,1
48976440_LG_I1_P1_L_U1_3.JPG,1
48976440_LG_I1_P20_R_U1_1.JPG,1
48976440_LG_I1_P20_R_U1_2.JPG,1
48976440_LG_I1_P20_R_U1_3.JPG,1
48976440_LG_I1_P2_R_U1_1.JPG,1
48976440_LG_I1_P2_R_U1_2.JPG,1
48976440_LG_I1_P2_R_U1_3.JPG,1
48976440_LG_I1_P3_L_U1_1.JPG,1
48976440_LG_I1_P3_L_U1_2.JPG,1
48976440_LG_I1_P3_L_U1_3.JPG,1
48976440_LG_I2_P19_L_U1_1.JPG,1
48976440_LG_I2_P19_L_U1_2.JPG,1
48976440_LG_I2_P19_L_U1_3.JPG,1
48976440_LG_I2_P1_L_U1_1.JPG,1
48976440_LG_I2_P1_L_U1_2.JPG,1
48976440_LG_I2_P1_L_U1_3.JPG,1
48976440_LG_I2_P20_R_U1_1.JPG,1
48976440_LG_I2_P20_R_U1_2.JPG,1
48976440_LG_I2_P20_R_U1_3.JPG,1
48976440_LG_I2_P2_R_U1_1.JPG,1
48976440_LG_I2_P2_R_U1_2.JPG,1
48976440_LG_I2_P2_R_U1_3.JPG,1
48976440_LG_I2_P3_L_U1_1.JPG,1
48976440_LG_I2_P3_L_U1_2.JPG,1
48976440_LG_I2_P3_L_U1_3.JPG,1
48976440_LG_I3_P19_L_U1_1.JPG,1
48976440_LG_I3_P19_L_U1_2.JPG,1
48976440_LG_I3_P19_L_U1_3.JPG,1
48976440_LG_I3_P1_L_U1_1.JPG,1
48976440_LG_I3_P1_L_U1_2.JPG,1
48976440_LG_I3_P1_L_U1_3.JPG,1
48976440_LG_I3_P20_R_U1_1.JPG,1
48976440_LG_I3_P20_R_U1_2.JPG,1
48976440_LG_I3_P20_R_U1_3.JPG,1
48976440_LG_I3_P2_R_U1_1.JPG,1
48976440_LG_I3_P2_R_U1_2.JPG,1
48976440_LG_I3_P2_R_U1_3.JPG,1
48976440_LG_I3_P3_L_U1_1.JPG,1
48976440_LG_I3_P3_L_U1_2.JPG,1
48976440_LG_I3_P3_L_U1_3.JPG,1
48976440_LG_I4_P19_L_U1_1.JPG,1
48976440_LG_I4_P19_L_U1_2.JPG,1
48976440_LG_I4_P19_L_U1_3.JPG,1
48976440_LG_I4_P1_L_U1_1.JPG,1
48976440_LG_I4_P1_L_U1_2.JPG,1
48976440_LG_I4_P1_L_U1_3.JPG,1
48976440_LG_I4_P20_R_U1_1.JPG,1
48976440_LG_I4_P20_R_U1_2.JPG,1
48976440_LG_I4_P20_R_U1_3.JPG,1
48976440_LG_I4_P2_R_U1_1.JPG,1
48976440_LG_I4_P2_R_U1_2.JPG,1
48976440_LG_I4_P2_R_U1_3.JPG,1
48976440_LG_I4_P3_L_U1_1.JPG,1
48976440_LG_I4_P3_L_U1_2.JPG,1
48976440_LG_I4_P3_L_U1_3.JPG,1
48976440_LG_I5_P19_L_U1_1.JPG,1
48976440_LG_I5_P19_L_U1_2.JPG,1
48976440_LG_I5_P19_L_U1_3.JPG,1
48976440_LG_I5_P1_L_U1_1.JPG,1
48976440_LG_I5_P1_L_U1_2.JPG,1
48976440_LG_I5_P1_L_U1_3.JPG,1
48976440_LG_I5_P20_R_U1_1.JPG,1
48976440_LG_I5_P20_R_U1_2.JPG,1
48976440_LG_I5_P20_R_U1_3.JPG,1
48976440_LG_I5_P2_R_U1_1.JPG,1
48976440_LG_I5_P2_R_U1_2.JPG,1
48976440_LG_I5_P2_R_U1_3.JPG,1
48976440_LG_I5_P3_L_U1_1.JPG,1
48976440_LG_I5_P3_L_U1_2.JPG,1
48976440_LG_I5_P3_L_U1_3.JPG,1
90579193_LG_I1_P19_R_U1_1.JPG,1
90579193_LG_I1_P19_R_U1_2.JPG,1
90579193_LG_I1_P19_R_U1_3.JPG,1
90579193_LG_I1_P1_R_U1_1.JPG,1
90579193_LG_I1_P1_R_U1_2.JPG,1
90579193_LG_I1_P1_R_U1_3.JPG,1
90579193_LG_I1_P20_L_U1_1.JPG,1
90579193_LG_I1_P20_L_U1_2.JPG,1
90579193_LG_I1_P20_L_U1_3.JPG,1
90579193_LG_I1_P2_L_U1_1.JPG,1
90579193_LG_I1_P2_L_U1_2.JPG,1
90579193_LG_I1_P2_L_U1_3.JPG,1
90579193_LG_I1_P3_R_U1_1.JPG,1
90579193_LG_I1_P3_R_U1_2.JPG,1
90579193_LG_I1_P3_R_U1_3.JPG,1
90579193_LG_I2_P19_R_U1_1.JPG,1
90579193_LG_I2_P19_R_U1_2.JPG,1
90579193_LG_I2_P19_R_U1_3.JPG,1
90579193_LG_I2_P1_R_U1_1.JPG,1
90579193_LG_I2_P1_R_U1_2.JPG,1
90579193_LG_I2_P1_R_U1_3.JPG,1
90579193_LG_I2_P20_L_U1_1.JPG,1
90579193_LG_I2_P20_L_U1_2.JPG,1
90579193_LG_I2_P20_L_U1_3.JPG,1
90579193_LG_I2_P2_L_U1_1.JPG,1
90579193_LG_I2_P2_L_U1_2.JPG,1
90579193_LG_I2_P2_L_U1_3.JPG,1
90579193_LG_I2_P3_R_U1_1.JPG,1
90579193_LG_I2_P3_R_U1_2.JPG,1
90579193_LG_I2_P3_R_U1_3.JPG,1
90579193_LG_I3_P19_R_U1_1.JPG,1
90579193_LG_I3_P19_R_U1_2.JPG,1
90579193_LG_I3_P19_R_U1_3.JPG,1
90579193_LG_I3_P1_R_U1_1.JPG,1
90579193_LG_I3_P1_R_U1_2.JPG,1
90579193_LG_I3_P1_R_U1_3.JPG,1
90579193_LG_I3_P20_L_U1_1.JPG,1
90579193_LG_I3_P20_L_U1_2.JPG,1
90579193_LG_I3_P20_L_U1_3.JPG,1
90579193_LG_I3_P2_L_U1_1.JPG,1
90579193_LG_I3_P2_L_U1_2.JPG,1
90579193_LG_I3_P2_L_U1_3.JPG,1
90579193_LG_I3_P3_R_U1_1.JPG,1
90579193_LG_I3_P3_R_U1_2.JPG,1
90579193_LG_I3_P3_R_U1_3.JPG,1
90579193_LG_I4_P19_R_U1_1.JPG,1
90579193_LG_I4_P19_R_U1_2.JPG,1
90579193_LG_I4_P19_R_U1_3.JPG,1
90579193_LG_I4_P1_R_U1_1.JPG,1
90579193_LG_I4_P1_R_U1_2.JPG,1
90579193_LG_I4_P1_R_U1_3.JPG,1
90579193_LG_I4_P20_L_U1_1.JPG,1
90579193_LG_I4_P20_L_U1_2.JPG,1
90579193_LG_I4_P20_L_U1_3.JPG,1
90579193_LG_I4_P2_L_U1_1.JPG,1
90579193_LG_I4_P2_L_U1_2.JPG,1
90579193_LG_I4_P2_L_U1_3.JPG,1
90579193_LG_I4_P3_R_U1_1.JPG,1
90579193_LG_I4_P3_R_U1_2.JPG,1
90579193_LG_I4_P3_R_U1_3.JPG,1
90579193_LG_I5_P19_R_U1_1.JPG,1
90579193_LG_I5_P19_R_U1_2.JPG,1
90579193_LG_I5_P19_R_U1_3.JPG,1
90579193_LG_I5_P1_R_U1_1.JPG,1
90579193_LG_I5_P1_R_U1_2.JPG,1
90579193_LG_I5_P1_R_U1_3.JPG,1
90579193_LG_I5_P20_L_U1_1.JPG,1
90579193_LG_I5_P20_L_U1_2.JPG,1
90579193_LG_I5_P20_L_U1_3.JPG,1
90579193_LG_I5_P2_L_U1_1.JPG,1
90579193_LG_I5_P2_L_U1_2.JPG,1
90579193_LG_I5_P2_L_U1_3.JPG,1
90579193_LG_I5_P3_R_U1_1.JPG,1
90579193_LG_I5_P3_R_U1_2.JPG,1
90579193_LG_I5_P3_R_U1_3.JPG,1
15761309_IP_Print_L_1.JPG,1
15761309_IP_Print_L_2.JPG,1
15761309_IP_Print_L_3.JPG,1
15761309_IP_Print_R_1.JPG,1
15761309_IP_Print_R_2.JPG,1
15761309_IP_Print_R_3.JPG,1
17118670_IP_Print_L_1.JPG,1
17118670_IP_Print_L_2.JPG,1
17118670_IP_Print_L_3.JPG,1
17118670_IP_Print_R_1.JPG,1
17118670_IP_Print_R_2.JPG,1
17118670_IP_Print_R_3.JPG,1
27692299_IP_Print_L_1.JPG,1
27692299_IP_Print_L_2.JPG,1
27692299_IP_Print_L_3.JPG,1
27692299_IP_Print_R_1.JPG,1
27692299_IP_Print_R_2.JPG,1
27692299_IP_Print_R_3.JPG,1
27849823_IP_Print_L_1.JPG,1
27849823_IP_Print_L_2.JPG,1
27849823_IP_Print_L_3.JPG,1
27849823_IP_Print_R_1.JPG,1
27849823_IP_Print_R_2.JPG,1
27849823_IP_Print_R_3.JPG,1
31709949_IP_Print_L_1.JPG,1
31709949_IP_Print_L_2.JPG,1
31709949_IP_Print_L_3.JPG,1
31709949_IP_Print_R_1.JPG,1
31709949_IP_Print_R_2.JPG,1
31709949_IP_Print_R_3.JPG,1
3183286_IP_Print_L_1.JPG,1
3183286_IP_Print_L_2.JPG,1
3183286_IP_Print_L_3.JPG,1
3183286_IP_Print_R_1.JPG,1
3183286_IP_Print_R_2.JPG,1
3183286_IP_Print_R_3.JPG,1
39222703_IP_Print_L_1.JPG,1
39222703_IP_Print_L_2.JPG,1
39222703_IP_Print_L_3.JPG,1
39222703_IP_Print_R_1.JPG,1
39222703_IP_Print_R_2.JPG,1
39222703_IP_Print_R_3.JPG,1
42176129_IP_Print_L_1.JPG,1
42176129_IP_Print_L_2.JPG,1
42176129_IP_Print_L_3.JPG,1
42176129_IP_Print_R_1.JPG,1
42176129_IP_Print_R_2.JPG,1
42176129_IP_Print_R_3.JPG,1
4617140_IP_Print_L_1.JPG,1
4617140_IP_Print_L_2.JPG,1
4617140_IP_Print_L_3.JPG,1
4617140_IP_Print_R_1.JPG,1
4617140_IP_Print_R_2.JPG,1
4617140_IP_Print_R_3.JPG,1
48537565_IP_Print_L_1.JPG,1
48537565_IP_Print_L_2.JPG,1
48537565_IP_Print_L_3.JPG,1
48537565_IP_Print_R_1.JPG,1
48537565_IP_Print_R_2.JPG,1
48537565_IP_Print_R_3.JPG,1
54688152_IP_Print_L_1.JPG,1
54688152_IP_Print_L_2.JPG,1
54688152_IP_Print_L_3.JPG,1
54688152_IP_Print_R_1.JPG,1
54688152_IP_Print_R_2.JPG,1
54688152_IP_Print_R_3.JPG,1
65547789_IP_Print_L_1.JPG,1
65547789_IP_Print_L_2.JPG,1
65547789_IP_Print_L_3.JPG,1
65547789_IP_Print_R_1.JPG,1
65547789_IP_Print_R_2.JPG,1
65547789_IP_Print_R_3.JPG,1
655744070_IP_Print_L_1.JPG,1
655744070_IP_Print_L_2.JPG,1
655744070_IP_Print_L_3.JPG,1
655744070_IP_Print_R_1.JPG,1
655744070_IP_Print_R_2.JPG,1
655744070_IP_Print_R_3.JPG,1
69482862_IP_Print_L_1.JPG,1
69482862_IP_Print_L_2.JPG,1
69482862_IP_Print_L_3.JPG,1
69482862_IP_Print_R_1.JPG,1
69482862_IP_Print_R_2.JPG,1
69482862_IP_Print_R_3.JPG,1
70604609_IP_Print_L_1.JPG,1
70604609_IP_Print_L_2.JPG,1
70604609_IP_Print_L_3.JPG,1
70604609_IP_Print_R_1.JPG,1
70604609_IP_Print_R_2.JPG,1
70604609_IP_Print_R_3.JPG,1
74313247_IP_Print_L_1.JPG,1
74313247_IP_Print_L_2.JPG,1
74313247_IP_Print_L_3.JPG,1
74313247_IP_Print_R_1.JPG,1
74313247_IP_Print_R_2.JPG,1
74313247_IP_Print_R_3.JPG,1
75774013_IP_Print_L_1.JPG,1
75774013_IP_Print_L_2.JPG,1
75774013_IP_Print_L_3.JPG,1
75774013_IP_Print_R_1.JPG,1
75774013_IP_Print_R_2.JPG,1
75774013_IP_Print_R_3.JPG,1
82345783_IP_Print_L_1.JPG,1
82345783_IP_Print_L_2.JPG,1
82345783_IP_Print_L_3.JPG,1
82345783_IP_Print_R_1.JPG,1
82345783_IP_Print_R_2.JPG,1
82345783_IP_Print_R_3.JPG,1
84912930_IP_Print_L_1.JPG,1
84912930_IP_Print_L_2.JPG,1
84912930_IP_Print_L_3.JPG,1
84912930_IP_Print_R_1.JPG,1
84912930_IP_Print_R_2.JPG,1
84912930_IP_Print_R_3.JPG,1
95716694_IP_Print_L_1.JPG,1
95716694_IP_Print_L_2.JPG,1
95716694_IP_Print_L_3.JPG,1
95716694_IP_Print_R_1.JPG,1
95716694_IP_Print_R_2.JPG,1
95716694_IP_Print_R_3.JPG,1
95750683_IP_Print_L_1.JPG,1
95750683_IP_Print_L_2.JPG,1
95750683_IP_Print_L_3.JPG,1
95750683_IP_Print_R_1.JPG,1
95750683_IP_Print_R_2.JPG,1
95750683_IP_Print_R_3.JPG,1
95949242_IP_Print_L_1.JPG,1
95949242_IP_Print_L_2.JPG,1
95949242_IP_Print_L_3.JPG,1
95949242_IP_Print_R_1.JPG,1
95949242_IP_Print_R_2.JPG,1
95949242_IP_Print_R_3.JPG,1
9713179_IP_Print_L_1.JPG,1
9713179_IP_Print_L_2.JPG,1
9713179_IP_Print_L_3.JPG,1
9713179_IP_Print_R_1.JPG,1
9713179_IP_Print_R_2.JPG,1
9713179_IP_Print_R_3.JPG,1
9754042_IP_Print_L_1.JPG,1
9754042_IP_Print_L_2.JPG,1
9754042_IP_Print_L_3.JPG,1
9754042_IP_Print_R_1.JPG,1
9754042_IP_Print_R_2.JPG,1
9754042_IP_Print_R_3.JPG,1
70604609_LG_I4_Live_L_D1_3.JPG,0
90579193_LG_I3_Live_R_U_1_1.JP,0
97069278_LG_I2_Live_L_D1_1.JPG,0
82345783_LG_I3_Live_R_D1_3.JPG,0
84912930_LG_I4_Live_R_D2_3.JPG,0
67873516_LG_I5_Live_L_U1_3.JPG,0
95750683_LG_I2_Live_R_U_1_3.JP,0
81472369_LG_I1_Live_L_U1_2.JPG,0
79519990_LG_I2_Live_R_D1_1.JPG,0
93399324_LG_I4_Live_R_U_1_1.JP,0
95750683_LG_I5_Live_L_U_1_2.JP,0
75774013_LG_I4_Live_L_D1_2.JPG,0
63235925_LG_I5_Live_L_D1_1.JPG,0
76551679_LG_I3_Live_L_U1_3.JPG,0
91573552_LG_I4_Live_R_D_1_2.JP,0
84912930_LG_I3_Live_L_U1_2.JPG,0
95022204_LG_I4_Live_L_U_1_2.JP,0
63235925_LG_I5_Live_L_D1_3.JPG,0
91573552_LG_I4_Live_L_U_1_3.JP,0
65547789_LG_I2_Live_L_D1_1.JPG,0
95716694_LG_I3_Live_R_D_1_1.JP,0
93399324_LG_I3_Live_L_U_1_3.JP,0
74313247_LG_I3_Live_L_D1_3.JPG,0
90579193_LG_I2_Live_L_D_1_2.JP,0
80028047_LG_I4_Live_R_D1_1.JPG,0
67873516_LG_I4_Live_L_U1_2.JPG,0
95949242_LG_I4_Live_L_D_1_2.JP,0
75774013_LG_I1_Live_R_D1_1.JPG,0
95716694_LG_I1_Live_R_D_1_2.JP,0
63235925_LG_I1_Live_R_D1_2.JPG,0
74313247_LG_I5_Live_R_D1_1.JPG,0
84912930_LG_I2_Live_L_D1_2.JPG,0
91573552_LG_I1_Live_R_D_1_2.JP,0
63235925_LG_I2_Live_L_U1_3.JPG,0
65574070_LG_I3_Live_R_D1_1.JPG,0
70604609_LG_I1_Live_R_U1_2.JPG,0
70604609_LG_I3_Live_L_D1_3.JPG,0
92337585_LG_I2_Live_R_U_1_3.JP,0
97069278_LG_I4_Live_R_U1_3.JPG,0
79220733_LG_I4_Live_R_D1_2.JPG,0
75774013_LG_I4_Live_L_U1_2.JPG,0
79220733_LG_I5_Live_R_U1_1.JPG,0
81472369_LG_I5_Live_L_U1_2.JPG,0
96488853_LG_I5_Live_L_U1_2.JPG,0
65574070_LG_I4_Live_L_D1_3.JPG,0
84912930_LG_I3_Live_R_U1_1.JPG,0
70604609_LG_I2_Live_R_D1_1.JPG,0
80028047_LG_I3_Live_R_U1_1.JPG,0
95949242_LG_I5_Live_L_D_1_2.JP,0
79220733_LG_I4_Live_L_U1_3.JPG,0
79519990_LG_I1_Live_L_U1_3.JPG,0
93399324_LG_I4_Live_R_D_1_2.JP,0
65574070_LG_I3_Live_L_U1_2.JPG,0
93399324_LG_I4_Live_L_D_1_1.JP,0
69482862_LG_I1_Live_R_D1_3.JPG,0
92337585_LG_I1_Live_L_D_1_2.JP,0
69482862_LG_I3_Live_R_U1_3.JPG,0
80028047_LG_I2_Live_L_D1_1.JPG,0
65574070_LG_I2_Live_L_D1_1.JPG,0
84912930_LG_I4_Live_R_U1_3.JPG,0
74313247_LG_I2_Live_R_U1_2.JPG,0
63235925_LG_I1_Live_L_D1_2.JPG,0
70604609_LG_I4_Live_R_D1_3.JPG,0
84912930_LG_I1_Live_R_D2_1.JPG,0
95949242_LG_I2_Live_R_U1_2.JPG,0
96488853_LG_I4_Live_R_D1_2.JPG,0
91573552_LG_I5_Live_L_D_1_3.JP,0
67873516_LG_I1_Live_L_D1_2.JPG,0
65574070_LG_I2_Live_L_U1_2.JPG,0
67873516_LG_I3_Live_R_U1_2.JPG,0
91573552_LG_I1_Live_L_U_1_1.JP,0
70604609_LG_I3_Live_L_D1_1.JPG,0
76551679_LG_I4_Live_R_D1_3.JPG,0
65547789_LG_I1_Live_L_U1_2.JPG,0
95022204_LG_I5_Live_R_U_1_1.JP,0
96488853_LG_I3_Live_L_D1_3.JPG,0
79519990_LG_I4_Live_L_U1_3.JPG,0
95716694_LG_I4_Live_L_D_1_1.JP,0
95022204_LG_I2_Live_L_U_1_2.JP,0
95716694_LG_I3_Live_L_D_1_1.JP,0
67873516_LG_I4_Live_R_U1_3.JPG,0
74313247_LG_I1_Live_R_U1_3.JPG,0
95750683_LG_I1_Live_R_D_1_3.JP,0
80028047_LG_I4_Live_R_D1_3.JPG,0
96488853_LG_I4_Live_L_D1_2.JPG,0
95022204_LG_I1_Live_R_D_1_1.JP,0
91573552_LG_I2_Live_R_U_1_3.JP,0
79220733_LG_I3_Live_R_U1_3.JPG,0
70604609_LG_I5_Live_R_D1_2.JPG,0
67873516_LG_I4_Live_L_U1_3.JPG,0
65547789_LG_I5_Live_L_U1_1.JPG,0
95949242_LG_I5_Live_L_U_1_3.JP,0
67873516_LG_I4_Live_R_U1_1.JPG,0
91573552_LG_I1_Live_R_D_1_3.JP,0
97069278_LG_I4_Live_R_D1_1.JPG,0
91573552_LG_I4_Live_R_U_1_2.JP,0
76551679_LG_I1_Live_R_D1_1.JPG,0
91573552_LG_I1_Live_L_D_1_3.JP,0
95022204_LG_I3_Live_L_U_1_2.JP,0
95949242_LG_I2_Live_R_D1_3.JPG,0
95750683_LG_I4_Live_R_U_1_3.JP,0
90579193_LG_I1_Live_L_D_1_2.JP,0
95949242_LG_I2_Live_R_U1_3.JPG,0
95022204_LG_I4_Live_L_D_1_1.JP,0
92337585_LG_I3_Live_R_U_1_2.JP,0
95949242_LG_I3_Live_R_U1_2.JPG,0
95949242_LG_I1_Live_L_D_1_1.JP,0
63235925_LG_I5_Live_R_U1_2.JPG,0
79519990_LG_I4_Live_R_U1_2.JPG,0
84912930_LG_I5_Live_L_D1_1.JPG,0
96488853_LG_I2_Live_L_U1_1.JPG,0
96488853_LG_I4_Live_R_D1_1.JPG,0
65547789_LG_I5_Live_R_U1_3.JPG,0
95022204_LG_I1_Live_L_U_1_2.JP,0
76551679_LG_I3_Live_L_U1_1.JPG,0
95022204_LG_I1_Live_L_D_1_2.JP,0
70604609_LG_I1_Live_R_D1_1.JPG,0
95949242_LG_I3_Live_L_U_1_3.JP,0
95949242_LG_I1_Live_L_U_1_3.JP,0
79220733_LG_I2_Live_L_D1_3.JPG,0
76551679_LG_I2_Live_L_D1_2.JPG,0
79220733_LG_I2_Live_R_D1_2.JPG,0
95750683_LG_I5_Live_L_D_1_2.JP,0
80028047_LG_I3_Live_L_D1_2.JPG,0
91573552_LG_I3_Live_L_U_1_3.JP,0
80028047_LG_I5_Live_L_U1_1.JPG,0
79519990_LG_I5_Live_R_D1_3.JPG,0
63235925_LG_I3_Live_R_D1_3.JPG,0
95022204_LG_I3_Live_R_D_1_1.JP,0
81472369_LG_I3_Live_L_U1_3.JPG,0
65574070_LG_I4_Live_L_D1_2.JPG,0
84912930_LG_I2_Live_L_D1_3.JPG,0
95716694_LG_I1_Live_R_U_1_3.JP,0
96488853_LG_I2_Live_R_U1_2.JPG,0
92337585_LG_I3_Live_R_D_1_3.JP,0
76551679_LG_I3_Live_L_D1_2.JPG,0
82345783_LG_I3_Live_L_D1_3.JPG,0
63235925_LG_I4_Live_R_U1_3.JPG,0
79519990_LG_I5_Live_L_D1_2.JPG,0
76551679_LG_I5_Live_R_D1_3.JPG,0
95716694_LG_I5_Live_L_U_1_3.JP,0
95022204_LG_I3_Live_L_U_1_3.JP,0
80028047_LG_I2_Live_R_D1_2.JPG,0
80028047_LG_I2_Live_R_U1_1.JPG,0
93399324_LG_I4_Live_R_U_1_2.JP,0
96488853_LG_I1_Live_L_D1_2.JPG,0
93399324_LG_I5_Live_R_U_1_1.JP,0
81472369_LG_I2_Live_L_D1_3.JPG,0
74313247_LG_I1_Live_L_D1_2.JPG,0
93399324_LG_I2_Live_R_U_1_1.JP,0
97069278_LG_I5_Live_L_U1_2.JPG,0
95716694_LG_I4_Live_R_U_1_1.JP,0
95750683_LG_I1_Live_R_D_1_2.JP,0
65574070_LG_I2_Live_R_U1_1.JPG,0
82345783_LG_I2_Live_R_D1_1.JPG,0
76551679_LG_I5_Live_L_D1_1.JPG,0
95750683_LG_I2_Live_L_D_1_3.JP,0
75774013_LG_I2_Live_L_D1_3.JPG,0
69482862_LG_I1_Live_L_D1_1.JPG,0
67873516_LG_I2_Live_L_D1_3.JPG,0
84912930_LG_I1_Live_R_D2_3.JPG,0
80028047_LG_I5_Live_L_U1_3.JPG,0
91573552_LG_I2_Live_R_U_1_2.JP,0
93399324_LG_I4_Live_L_U_1_1.JP,0
81472369_LG_I5_Live_R_D1_2.JPG,0
75774013_LG_I3_Live_L_U1_2.JPG,0
67873516_LG_I4_Live_L_U1_1.JPG,0
70604609_LG_I1_Live_L_D1_3.JPG,0
69482862_LG_I3_Live_R_U1_1.JPG,0
92337585_LG_I3_Live_R_U_1_1.JP,0
95949242_LG_I2_Live_L_U_1_3.JP,0
82345783_LG_I3_Live_L_U1_2.JPG,0
95716694_LG_I2_Live_L_D_1_1.JP,0
92337585_LG_I3_Live_L_D_1_1.JP,0
79220733_LG_I3_Live_L_U1_2.JPG,0
69482862_LG_I5_Live_R_D1_2.JPG,0
65574070_LG_I3_Live_L_D1_1.JPG,0
63235925_LG_I1_Live_L_D1_1.JPG,0
82345783_LG_I5_Live_L_D1_1.JPG,0
74313247_LG_I1_Live_R_D1_1.JPG,0
91573552_LG_I4_Live_L_D_1_3.JP,0
75774013_LG_I5_Live_R_U1_2.JPG,0
69482862_LG_I1_Live_L_U1_3.JPG,0
76551679_LG_I2_Live_R_D1_2.JPG,0
69482862_LG_I1_Live_L_U1_2.JPG,0
81472369_LG_I5_Live_L_D1_3.JPG,0
84912930_LG_I1_Live_L_D1_1.JPG,0
75774013_LG_I5_Live_R_U1_3.JPG,0
65547789_LG_I1_Live_R_D1_3.JPG,0
79220733_LG_I1_Live_L_U1_1.JPG,0
79519990_LG_I1_Live_L_U1_2.JPG,0
67873516_LG_I5_Live_R_D1_3.JPG,0
63235925_LG_I3_Live_L_U1_3.JPG,0
80028047_LG_I4_Live_R_U1_3.JPG,0
79220733_LG_I1_Live_R_U1_1.JPG,0
84912930_LG_I5_Live_R_U1_2.JPG,0
84912930_LG_I4_Live_L_D1_2.JPG,0
97069278_LG_I1_Live_L_U1_2.JPG,0
96488853_LG_I5_Live_L_D1_2.JPG,0
90579193_LG_I4_Live_L_U_1_3.JP,0
65574070_LG_I5_Live_L_D1_1.JPG,0
70604609_LG_I5_Live_L_D1_2.JPG,0
69482862_LG_I3_Live_L_D1_2.JPG,0
76551679_LG_I2_Live_L_D1_1.JPG,0
82345783_LG_I5_Live_R_U1_2.JPG,0
95716694_LG_I2_Live_R_D_1_2.JP,0
95750683_LG_I3_Live_L_D_1_2.JP,0
92337585_LG_I5_Live_R_U_1_1.JP,0
74313247_LG_I3_Live_L_D1_2.JPG,0
92337585_LG_I4_Live_L_U_1_1.JP,0
91573552_LG_I5_Live_R_D_1_3.JP,0
97069278_LG_I3_Live_R_U1_2.JPG,0
79220733_LG_I3_Live_R_D1_2.JPG,0
63235925_LG_I4_Live_R_U1_1.JPG,0
81472369_LG_I4_Live_R_D1_1.JPG,0
81472369_LG_I3_Live_R_U1_2.JPG,0
95949242_LG_I4_Live_R_D1_3.JPG,0
67873516_LG_I3_Live_L_D1_1.JPG,0
82345783_LG_I5_Live_L_U1_3.JPG,0
69482862_LG_I2_Live_L_D1_1.JPG,0
74313247_LG_I3_Live_L_D1_1.JPG,0
95716694_LG_I5_Live_L_U_1_1.JP,0
81472369_LG_I3_Live_L_U1_2.JPG,0
81472369_LG_I5_Live_R_U1_3.JPG,0
79519990_LG_I4_Live_L_U1_2.JPG,0
93399324_LG_I3_Live_R_D_1_1.JP,0
79519990_LG_I4_Live_R_D1_3.JPG,0
69482862_LG_I4_Live_L_D1_1.JPG,0
95750683_LG_I3_Live_R_U_1_1.JP,0
65547789_LG_I2_Live_L_U1_1.JPG,0
81472369_LG_I5_Live_L_U1_3.JPG,0
74313247_LG_I4_Live_R_D1_1.JPG,0
92337585_LG_I1_Live_R_U_1_3.JP,0
90579193_LG_I4_Live_L_D_1_1.JP,0
75774013_LG_I2_Live_L_U1_2.JPG,0
80028047_LG_I3_Live_R_D1_1.JPG,0
80028047_LG_I5_Live_R_D1_3.JPG,0
67873516_LG_I5_Live_L_D1_3.JPG,0
75774013_LG_I2_Live_R_D1_3.JPG,0
65574070_LG_I3_Live_R_U1_1.JPG,0
65574070_LG_I4_Live_R_U1_3.JPG,0
81472369_LG_I3_Live_L_D1_2.JPG,0
93399324_LG_I5_Live_R_D_1_1.JP,0
92337585_LG_I1_Live_R_U_1_1.JP,0
82345783_LG_I4_Live_R_D1_3.JPG,0
84912930_LG_I3_Live_L_D1_2.JPG,0
92337585_LG_I1_Live_L_D_1_1.JP,0
80028047_LG_I5_Live_R_D1_2.JPG,0
95750683_LG_I3_Live_L_U_1_2.JP,0
95716694_LG_I2_Live_R_U_1_2.JP,0
90579193_LG_I1_Live_R_D_1_2.JP,0
74313247_LG_I2_Live_R_U1_3.JPG,0
75774013_LG_I1_Live_L_U1_1.JPG,0
74313247_LG_I3_Live_R_D1_1.JPG,0
75774013_LG_I4_Live_L_D1_1.JPG,0
84912930_LG_I5_Live_L_U1_1.JPG,0
80028047_LG_I3_Live_R_D1_2.JPG,0
95949242_LG_I4_Live_L_U_1_2.JP,0
96488853_LG_I3_Live_L_U1_3.JPG,0
82345783_LG_I5_Live_R_D1_2.JPG,0
80028047_LG_I2_Live_L_U1_2.JPG,0
97069278_LG_I1_Live_L_D1_3.JPG,0
69482862_LG_I3_Live_L_D1_3.JPG,0
75774013_LG_I2_Live_L_U1_3.JPG,0
97069278_LG_I3_Live_R_D1_3.JPG,0
79519990_LG_I4_Live_R_D1_1.JPG,0
82345783_LG_I2_Live_L_U1_1.JPG,0
79220733_LG_I3_Live_L_U1_1.JPG,0
65574070_LG_I4_Live_R_D1_2.JPG,0
75774013_LG_I4_Live_R_U1_2.JPG,0
97069278_LG_I5_Live_L_D1_3.JPG,0
67873516_LG_I5_Live_R_D1_1.JPG,0
95750683_LG_I2_Live_R_D_1_3.JP,0
67873516_LG_I3_Live_L_U1_2.JPG,0
82345783_LG_I5_Live_R_D1_3.JPG,0
95716694_LG_I5_Live_R_D_1_2.JP,0
79220733_LG_I1_Live_R_D1_2.JPG,0
80028047_LG_I4_Live_L_U1_3.JPG,0
91573552_LG_I5_Live_L_D_1_2.JP,0
67873516_LG_I2_Live_R_U1_3.JPG,0
67873516_LG_I5_Live_R_D1_2.JPG,0
82345783_LG_I1_Live_L_U1_1.JPG,0
91573552_LG_I4_Live_L_U_1_2.JP,0
91573552_LG_I5_Live_L_U_1_2.JP,0
82345783_LG_I1_Live_L_D1_3.JPG,0
96488853_LG_I2_Live_R_U1_1.JPG,0
97069278_LG_I5_Live_L_D1_2.JPG,0
70604609_LG_I1_Live_R_U1_1.JPG,0
74313247_LG_I3_Live_R_U1_1.JPG,0
67873516_LG_I2_Live_R_D1_3.JPG,0
74313247_LG_I2_Live_L_D1_2.JPG,0
93399324_LG_I1_Live_L_D_1_1.JP,0
93399324_LG_I5_Live_R_D_1_3.JP,0
91573552_LG_I5_Live_R_U_1_1.JP,0
75774013_LG_I2_Live_L_D1_2.JPG,0
95949242_LG_I3_Live_L_U_1_2.JP,0
79519990_LG_I5_Live_L_U1_2.JPG,0
90579193_LG_I1_Live_L_U_1_2.JP,0
95022204_LG_I2_Live_R_D_1_2.JP,0
69482862_LG_I2_Live_L_U1_2.JPG,0
69482862_LG_I3_Live_L_D1_1.JPG,0
95022204_LG_I5_Live_R_D_1_1.JP,0
90579193_LG_I3_Live_R_D_1_2.JP,0
95022204_LG_I4_Live_R_D_1_3.JP,0
96488853_LG_I5_Live_R_U1_2.JPG,0
63235925_LG_I2_Live_L_U1_2.JPG,0
79220733_LG_I4_Live_R_U1_3.JPG,0
63235925_LG_I3_Live_R_D1_2.JPG,0
95022204_LG_I2_Live_R_U_1_1.JP,0
63235925_LG_I5_Live_L_U1_3.JPG,0
91573552_LG_I3_Live_R_D_1_3.JP,0
84912930_LG_I4_Live_L_U1_1.JPG,0
65547789_LG_I4_Live_R_U1_1.JPG,0
63235925_LG_I1_Live_L_U1_1.JPG,0
90579193_LG_I1_Live_R_D_1_1.JP,0
63235925_LG_I2_Live_R_U1_2.JPG,0
69482862_LG_I5_Live_R_U1_3.JPG,0
65547789_LG_I1_Live_R_U1_2.JPG,0
75774013_LG_I1_Live_L_U1_2.JPG,0
95750683_LG_I3_Live_R_D_1_2.JP,0
95716694_LG_I1_Live_R_D_1_1.JP,0
63235925_LG_I2_Live_R_D1_3.JPG,0
95022204_LG_I5_Live_L_U_1_1.JP,0
80028047_LG_I5_Live_R_U1_2.JPG,0
95750683_LG_I2_Live_L_U_1_1.JP,0
95949242_LG_I1_Live_L_D_1_3.JP,0
84912930_LG_I3_Live_L_U1_3.JPG,0
95949242_LG_I4_Live_L_U_1_3.JP,0
84912930_LG_I5_Live_L_U1_3.JPG,0
67873516_LG_I3_Live_R_D1_1.JPG,0
79220733_LG_I1_Live_L_U1_2.JPG,0
80028047_LG_I5_Live_R_D1_1.JPG,0
79519990_LG_I2_Live_L_U1_3.JPG,0
69482862_LG_I5_Live_R_D1_1.JPG,0
67873516_LG_I5_Live_R_U1_1.JPG,0
95750683_LG_I2_Live_R_D_1_1.JP,0
80028047_LG_I1_Live_R_U1_2.JPG,0
76551679_LG_I3_Live_R_D1_2.JPG,0
95022204_LG_I2_Live_R_U_1_3.JP,0
93399324_LG_I4_Live_L_U_1_2.JP,0
74313247_LG_I4_Live_L_D1_3.JPG,0
81472369_LG_I2_Live_L_D1_2.JPG,0
79220733_LG_I1_Live_L_U1_3.JPG,0
79220733_LG_I5_Live_R_U1_2.JPG,0
93399324_LG_I5_Live_L_U_1_1.JP,0
95750683_LG_I5_Live_R_D_1_2.JP,0
93399324_LG_I4_Live_R_D_1_3.JP,0
91573552_LG_I4_Live_R_U_1_3.JP,0
75774013_LG_I3_Live_L_U1_1.JPG,0
79519990_LG_I4_Live_L_D1_3.JPG,0
90579193_LG_I2_Live_L_D_1_3.JP,0
81472369_LG_I4_Live_L_D1_2.JPG,0
93399324_LG_I5_Live_L_D_1_1.JP,0
69482862_LG_I4_Live_R_D1_2.JPG,0
84912930_LG_I2_Live_R_D2_2.JPG,0
97069278_LG_I1_Live_R_D1_2.JPG,0
95716694_LG_I3_Live_L_U_1_3.JP,0
84912930_LG_I1_Live_L_D1_3.JPG,0
70604609_LG_I3_Live_L_U1_2.JPG,0
80028047_LG_I3_Live_L_U1_3.JPG,0
97069278_LG_I2_Live_L_D1_3.JPG,0
91573552_LG_I4_Live_R_D_1_1.JP,0
95750683_LG_I2_Live_L_U_1_2.JP,0
90579193_LG_I1_Live_R_U_1_1.JP,0
76551679_LG_I5_Live_R_D1_2.JPG,0
80028047_LG_I3_Live_L_D1_1.JPG,0
63235925_LG_I4_Live_R_D1_2.JPG,0
92337585_LG_I4_Live_L_U_1_2.JP,0
79519990_LG_I1_Live_R_U1_3.JPG,0
75774013_LG_I4_Live_R_U1_1.JPG,0
79519990_LG_I5_Live_R_D1_1.JPG,0
95750683_LG_I4_Live_R_U_1_1.JP,0
63235925_LG_I1_Live_L_U1_2.JPG,0
65547789_LG_I2_Live_R_U1_1.JPG,0
63235925_LG_I3_Live_L_D1_1.JPG,0
65547789_LG_I2_Live_R_D1_3.JPG,0
79519990_LG_I2_Live_L_U1_1.JPG,0
82345783_LG_I5_Live_L_D1_3.JPG,0
95949242_LG_I1_Live_L_U_1_2.JP,0
65574070_LG_I1_Live_R_D1_2.JPG,0
84912930_LG_I4_Live_R_U1_2.JPG,0
63235925_LG_I2_Live_L_D1_2.JPG,0
79519990_LG_I3_Live_L_U1_2.JPG,0
96488853_LG_I2_Live_R_D1_2.JPG,0
91573552_LG_I4_Live_R_U_1_1.JP,0
63235925_LG_I5_Live_R_D1_3.JPG,0
65574070_LG_I5_Live_L_U1_2.JPG,0
95022204_LG_I4_Live_L_U_1_1.JP,0
90579193_LG_I5_Live_L_U_1_3.JP,0
92337585_LG_I2_Live_L_D_1_3.JP,0
75774013_LG_I5_Live_L_D1_3.JPG,0
67873516_LG_I2_Live_L_U1_1.JPG,0
82345783_LG_I1_Live_L_D1_2.JPG,0
93399324_LG_I2_Live_L_D_1_1.JP,0
93399324_LG_I1_Live_R_U_1_3.JP,0
65547789_LG_I5_Live_R_U1_2.JPG,0
84912930_LG_I1_Live_R_D2_2.JPG,0
95949242_LG_I3_Live_R_D1_2.JPG,0
74313247_LG_I3_Live_R_U1_3.JPG,0
67873516_LG_I1_Live_L_U1_1.JPG,0
75774013_LG_I1_Live_L_U1_3.JPG,0
74313247_LG_I5_Live_R_U1_3.JPG,0
90579193_LG_I3_Live_L_U_1_2.JP,0
70604609_LG_I3_Live_R_D1_3.JPG,0
84912930_LG_I1_Live_L_U1_3.JPG,0
70604609_LG_I5_Live_L_U1_3.JPG,0
76551679_LG_I4_Live_L_D1_3.JPG,0
95716694_LG_I5_Live_R_D_1_3.JP,0
74313247_LG_I5_Live_R_D1_2.JPG,0
95716694_LG_I3_Live_R_U_1_3.JP,0
81472369_LG_I1_Live_L_D1_2.JPG,0
96488853_LG_I2_Live_R_U1_3.JPG,0
97069278_LG_I2_Live_R_D1_3.JPG,0
84912930_LG_I3_Live_R_U1_3.JPG,0
75774013_LG_I3_Live_R_U1_1.JPG,0
92337585_LG_I3_Live_L_D_1_2.JP,0
90579193_LG_I4_Live_R_D_1_2.JP,0
63235925_LG_I3_Live_L_U1_2.JPG,0
95022204_LG_I1_Live_L_U_1_3.JP,0
81472369_LG_I2_Live_R_D1_3.JPG,0
70604609_LG_I3_Live_R_D1_2.JPG,0
65547789_LG_I1_Live_R_U1_1.JPG,0
96488853_LG_I1_Live_L_U1_3.JPG,0
76551679_LG_I5_Live_R_D1_1.JPG,0
82345783_LG_I1_Live_R_U1_2.JPG,0
63235925_LG_I2_Live_L_D1_3.JPG,0
84912930_LG_I2_Live_L_U1_1.JPG,0
90579193_LG_I4_Live_R_U_1_1.JP,0
79220733_LG_I5_Live_R_D1_1.JPG,0
65547789_LG_I3_Live_R_U1_2.JPG,0
95022204_LG_I2_Live_R_U_1_2.JP,0
82345783_LG_I4_Live_L_D1_3.JPG,0
65547789_LG_I5_Live_R_D1_2.JPG,0
93399324_LG_I1_Live_R_U_1_2.JP,0
75774013_LG_I3_Live_R_D1_3.JPG,0
63235925_LG_I2_Live_L_U1_1.JPG,0
95716694_LG_I1_Live_L_D_1_1.JP,0
95750683_LG_I4_Live_L_D_1_3.JP,0
84912930_LG_I1_Live_L_D1_2.JPG,0
67873516_LG_I1_Live_L_D1_1.JPG,0
75774013_LG_I5_Live_L_U1_3.JPG,0
65574070_LG_I2_Live_R_U1_2.JPG,0
65547789_LG_I4_Live_L_U1_2.JPG,0
63235925_LG_I4_Live_L_U1_3.JPG,0
93399324_LG_I1_Live_R_D_1_1.JP,0
76551679_LG_I2_Live_R_D1_3.JPG,0
82345783_LG_I1_Live_R_D1_2.JPG,0
79220733_LG_I4_Live_L_U1_1.JPG,0
91573552_LG_I2_Live_L_U_1_1.JP,0
67873516_LG_I4_Live_R_U1_2.JPG,0
97069278_LG_I2_Live_R_U1_3.JPG,0
79220733_LG_I5_Live_L_D1_3.JPG,0
81472369_LG_I3_Live_L_U1_1.JPG,0
95716694_LG_I5_Live_R_U_1_1.JP,0
95949242_LG_I4_Live_L_D_1_1.JP,0
70604609_LG_I1_Live_L_U1_2.JPG,0
97069278_LG_I5_Live_R_U1_1.JPG,0
65547789_LG_I3_Live_L_D1_1.JPG,0
70604609_LG_I5_Live_R_U1_1.JPG,0
96488853_LG_I4_Live_R_U1_2.JPG,0
63235925_LG_I2_Live_R_D1_1.JPG,0
65574070_LG_I4_Live_L_U1_3.JPG,0
96488853_LG_I2_Live_L_U1_3.JPG,0
95949242_LG_I5_Live_L_D_1_1.JP,0
74313247_LG_I2_Live_L_U1_1.JPG,0
76551679_LG_I2_Live_L_U1_1.JPG,0
81472369_LG_I5_Live_L_D1_1.JPG,0
95022204_LG_I3_Live_R_D_1_2.JP,0
91573552_LG_I3_Live_R_U_1_1.JP,0
95750683_LG_I4_Live_R_D_1_2.JP,0
67873516_LG_I1_Live_R_D1_3.JPG,0
92337585_LG_I5_Live_L_D_1_2.JP,0
69482862_LG_I2_Live_L_U1_3.JPG,0
79519990_LG_I3_Live_L_D1_1.JPG,0
80028047_LG_I2_Live_R_D1_3.JPG,0
65574070_LG_I5_Live_R_U1_1.JPG,0
95949242_LG_I1_Live_L_U_1_1.JP,0
92337585_LG_I3_Live_L_U_1_2.JP,0
97069278_LG_I2_Live_R_D1_2.JPG,0
79220733_LG_I1_Live_R_D1_1.JPG,0
96488853_LG_I3_Live_R_D1_3.JPG,0
79519990_LG_I4_Live_L_D1_1.JPG,0
95716694_LG_I3_Live_R_U_1_2.JP,0
65574070_LG_I1_Live_L_D1_3.JPG,0
95022204_LG_I3_Live_L_D_1_3.JP,0
84912930_LG_I3_Live_L_D1_1.JPG,0
95949242_LG_I4_Live_R_U1_1.JPG,0
79220733_LG_I1_Live_L_D1_2.JPG,0
95750683_LG_I2_Live_R_U_1_1.JP,0
70604609_LG_I1_Live_L_D1_2.JPG,0
69482862_LG_I2_Live_R_U1_3.JPG,0
75774013_LG_I3_Live_L_D1_1.JPG,0
97069278_LG_I3_Live_L_U1_1.JPG,0
93399324_LG_I3_Live_R_U_1_3.JP,0
82345783_LG_I5_Live_R_U1_3.JPG,0
70604609_LG_I5_Live_L_D1_3.JPG,0
74313247_LG_I2_Live_R_D1_2.JPG,0
84912930_LG_I3_Live_R_D2_3.JPG,0
69482862_LG_I2_Live_L_D1_3.JPG,0
80028047_LG_I3_Live_R_U1_3.JPG,0
96488853_LG_I2_Live_L_U1_2.JPG,0
93399324_LG_I2_Live_R_D_1_1.JP,0
65574070_LG_I3_Live_R_D1_3.JPG,0
92337585_LG_I2_Live_R_D_1_1.JP,0
75774013_LG_I1_Live_L_D1_1.JPG,0
93399324_LG_I3_Live_L_D_1_2.JP,0
97069278_LG_I4_Live_R_U1_2.JPG,0
90579193_LG_I2_Live_L_U_1_3.JP,0
84912930_LG_I3_Live_L_U1_1.JPG,0
76551679_LG_I4_Live_L_D1_1.JPG,0
95949242_LG_I2_Live_L_D_1_3.JP,0
70604609_LG_I2_Live_R_D1_3.JPG,0
95022204_LG_I4_Live_R_U_1_1.JP,0
95750683_LG_I5_Live_R_U_1_2.JP,0
65574070_LG_I3_Live_L_U1_3.JPG,0
82345783_LG_I4_Live_R_D1_2.JPG,0
69482862_LG_I5_Live_R_U1_2.JPG,0
96488853_LG_I5_Live_R_D1_3.JPG,0
80028047_LG_I1_Live_L_D1_1.JPG,0
95716694_LG_I2_Live_L_D_1_3.JP,0
75774013_LG_I2_Live_R_D1_1.JPG,0
69482862_LG_I4_Live_R_U1_1.JPG,0
65547789_LG_I4_Live_R_D1_3.JPG,0
69482862_LG_I2_Live_R_D1_3.JPG,0
70604609_LG_I2_Live_R_U1_2.JPG,0
70604609_LG_I3_Live_R_D1_1.JPG,0
90579193_LG_I5_Live_L_D_1_3.JP,0
95716694_LG_I2_Live_R_U_1_3.JP,0
79519990_LG_I3_Live_L_U1_1.JPG,0
65574070_LG_I2_Live_L_D1_2.JPG,0
75774013_LG_I2_Live_R_U1_1.JPG,0
74313247_LG_I2_Live_L_U1_3.JPG,0
65574070_LG_I4_Live_L_D1_1.JPG,0
80028047_LG_I5_Live_L_D1_3.JPG,0
70604609_LG_I5_Live_R_D1_3.JPG,0
75774013_LG_I4_Live_R_D1_1.JPG,0
74313247_LG_I2_Live_R_D1_1.JPG,0
80028047_LG_I1_Live_L_D1_2.JPG,0
93399324_LG_I5_Live_L_U_1_3.JP,0
95716694_LG_I3_Live_L_D_1_3.JP,0
74313247_LG_I4_Live_L_U1_1.JPG,0
79519990_LG_I3_Live_L_D1_3.JPG,0
63235925_LG_I3_Live_L_U1_1.JPG,0
80028047_LG_I4_Live_L_U1_2.JPG,0
74313247_LG_I5_Live_L_U1_3.JPG,0
91573552_LG_I1_Live_R_U_1_2.JP,0
95022204_LG_I3_Live_R_U_1_2.JP,0
95949242_LG_I4_Live_R_D1_1.JPG,0
95750683_LG_I5_Live_L_U_1_3.JP,0
74313247_LG_I4_Live_R_D1_2.JPG,0
82345783_LG_I2_Live_L_U1_3.JPG,0
84912930_LG_I5_Live_R_D2_1.JPG,0
95750683_LG_I4_Live_L_U_1_1.JP,0
97069278_LG_I3_Live_L_U1_2.JPG,0
70604609_LG_I4_Live_L_U1_1.JPG,0
65574070_LG_I1_Live_R_U1_2.JPG,0
92337585_LG_I5_Live_L_D_1_3.JP,0
90579193_LG_I1_Live_R_U_1_2.JP,0
79220733_LG_I5_Live_L_U1_1.JPG,0
63235925_LG_I1_Live_R_U1_1.JPG,0
76551679_LG_I2_Live_L_U1_2.JPG,0
92337585_LG_I2_Live_L_D_1_1.JP,0
63235925_LG_I5_Live_L_U1_2.JPG,0
70604609_LG_I5_Live_R_U1_3.JPG,0
76551679_LG_I2_Live_L_U1_3.JPG,0
91573552_LG_I5_Live_R_U_1_2.JP,0
81472369_LG_I2_Live_L_D1_1.JPG,0
90579193_LG_I5_Live_R_U_1_2.JP,0
74313247_LG_I2_Live_R_D1_3.JPG,0
84912930_LG_I4_Live_R_D2_2.JPG,0
70604609_LG_I4_Live_L_U1_3.JPG,0
84912930_LG_I4_Live_L_U1_3.JPG,0
79519990_LG_I5_Live_L_U1_3.JPG,0
95022204_LG_I2_Live_L_U_1_3.JP,0
82345783_LG_I2_Live_L_D1_3.JPG,0
92337585_LG_I4_Live_L_U_1_3.JP,0
92337585_LG_I3_Live_R_U_1_3.JP,0
81472369_LG_I4_Live_L_U1_1.JPG,0
95022204_LG_I4_Live_R_D_1_1.JP,0
63235925_LG_I5_Live_R_U1_3.JPG,0
82345783_LG_I4_Live_L_U1_3.JPG,0
79220733_LG_I2_Live_R_U1_1.JPG,0
90579193_LG_I3_Live_L_U_1_3.JP,0
79220733_LG_I2_Live_L_D1_2.JPG,0
76551679_LG_I5_Live_L_D1_3.JPG,0
93399324_LG_I5_Live_L_U_1_2.JP,0
82345783_LG_I1_Live_L_U1_3.JPG,0
92337585_LG_I3_Live_R_D_1_1.JP,0
90579193_LG_I3_Live_R_U_1_3.JP,0
95949242_LG_I1_Live_R_D1_1.JPG,0
74313247_LG_I5_Live_L_D1_1.JPG,0
76551679_LG_I2_Live_R_D1_1.JPG,0
97069278_LG_I3_Live_L_D1_2.JPG,0
95750683_LG_I3_Live_L_U_1_1.JP,0
75774013_LG_I5_Live_R_U1_1.JPG,0
70604609_LG_I1_Live_L_U1_3.JPG,0
96488853_LG_I1_Live_R_D1_1.JPG,0
97069278_LG_I2_Live_L_U1_3.JPG,0
70604609_LG_I2_Live_L_U1_1.JPG,0
81472369_LG_I5_Live_L_U1_1.JPG,0
65547789_LG_I2_Live_R_U1_3.JPG,0
75774013_LG_I2_Live_R_U1_2.JPG,0
91573552_LG_I3_Live_R_U_1_3.JP,0
95716694_LG_I1_Live_L_U_1_1.JP,0
95022204_LG_I5_Live_L_D_1_2.JP,0
74313247_LG_I3_Live_L_U1_3.JPG,0
93399324_LG_I3_Live_L_U_1_1.JP,0
90579193_LG_I3_Live_L_D_1_2.JP,0
65574070_LG_I4_Live_R_U1_2.JPG,0
79220733_LG_I2_Live_R_U1_2.JPG,0
80028047_LG_I4_Live_R_U1_2.JPG,0
76551679_LG_I1_Live_R_D1_3.JPG,0
81472369_LG_I3_Live_L_D1_1.JPG,0
70604609_LG_I4_Live_L_D1_2.JPG,0
90579193_LG_I2_Live_R_D_1_2.JP,0
67873516_LG_I3_Live_R_D1_2.JPG,0
90579193_LG_I3_Live_L_D_1_1.JP,0
69482862_LG_I3_Live_R_U1_2.JPG,0
74313247_LG_I5_Live_L_U1_2.JPG,0
79519990_LG_I1_Live_L_D1_2.JPG,0
82345783_LG_I2_Live_R_U1_1.JPG,0
93399324_LG_I5_Live_R_D_1_2.JP,0
90579193_LG_I1_Live_L_D_1_3.JP,0
95949242_LG_I2_Live_L_D_1_1.JP,0
67873516_LG_I3_Live_L_U1_3.JPG,0
95750683_LG_I5_Live_R_U_1_1.JP,0
79220733_LG_I4_Live_L_D1_1.JPG,0
76551679_LG_I1_Live_R_D1_2.JPG,0
95750683_LG_I3_Live_R_D_1_3.JP,0
84912930_LG_I5_Live_L_D1_2.JPG,0
81472369_LG_I2_Live_L_U1_2.JPG,0
93399324_LG_I2_Live_L_U_1_1.JP,0
92337585_LG_I2_Live_L_D_1_2.JP,0
80028047_LG_I2_Live_R_D1_1.JPG,0
84912930_LG_I5_Live_L_D1_3.JPG,0
63235925_LG_I2_Live_R_U1_3.JPG,0
80028047_LG_I1_Live_L_U1_3.JPG,0
69482862_LG_I1_Live_R_U1_3.JPG,0
